Audio ID,Filename,Actual Class,Python Predicted Class,Python Confidence,GTM Predicted Class,GTM Confidence,Class Match Status,Confidence Difference,Top-Two Margin,Audio Quality,Severity,Alert Status,Manual Review Status,Final Decision,Result Evaluation,Disagreement Explanation
AUD-TEST-0001,aggression_0326.wav,Aggression,Aggression,97.26%,Aggression,99.80%,Match,0.0254,0.8391,Poor,Critical,Review Queue,Required,Aggression,Correct,None (Models in Consensus)
AUD-TEST-0002,aggression_1194.wav,Aggression,Aggression,94.16%,Aggression,91.16%,Match,0.0300,0.9255,Good,Critical,Active Alert,Not Required,Aggression,Correct,None (Models in Consensus)
AUD-TEST-0003,aggression_1086.wav,Aggression,Aggression,99.15%,Aggression,99.80%,Match,0.0065,0.8707,Good,Critical,Active Alert,Not Required,Aggression,Correct,None (Models in Consensus)
AUD-TEST-0004,aggression_0881.wav,Aggression,Aggression,92.72%,Aggression,94.64%,Match,0.0192,0.8887,Good,Critical,Active Alert,Not Required,Aggression,Correct,None (Models in Consensus)
AUD-TEST-0005,aggression_1074.wav,Aggression,Aggression,89.20%,Panic Scream,67.58%,Disagreement,0.2162,0.6995,Good,Critical,Review Queue,Required,Aggression,Correct,Python detected vocal stress and aggressive pitch modulation (92.4%) while GTM weighted high-frequency formants as Panic Scream (81.6%). Consensus Engine routed to review queue.
AUD-TEST-0006,aggression_0611.wav,Aggression,Aggression,96.56%,Aggression,98.47%,Match,0.0191,0.9067,Acceptable,Critical,Active Alert,Not Required,Aggression,Correct,None (Models in Consensus)
AUD-TEST-0007,aggression_0884.wav,Aggression,Aggression,98.53%,Aggression,99.80%,Match,0.0127,0.9533,Good,Critical,Active Alert,Not Required,Aggression,Correct,None (Models in Consensus)
AUD-TEST-0008,aggression_1170.wav,Aggression,Aggression,97.70%,Aggression,98.47%,Match,0.0077,0.8134,Good,Critical,Active Alert,Not Required,Aggression,Correct,None (Models in Consensus)
AUD-TEST-0009,aggression_1511.wav,Aggression,Aggression,99.63%,Aggression,99.80%,Match,0.0017,0.7999,Good,Critical,Active Alert,Not Required,Aggression,Correct,None (Models in Consensus)
AUD-TEST-0010,aggression_0791.wav,Aggression,Aggression,93.22%,Aggression,89.17%,Match,0.0405,0.9098,Good,Critical,Active Alert,Not Required,Aggression,Correct,None (Models in Consensus)
AUD-TEST-0011,alarm_siren_0052.wav,Alarm or Siren,Alarm or Siren,98.51%,Alarm or Siren,95.58%,Match,0.0293,0.8953,Acceptable,High,Active Alert,Not Required,Alarm or Siren,Correct,None (Models in Consensus)
AUD-TEST-0012,alarm_siren_0093.wav,Alarm or Siren,Alarm or Siren,99.75%,Alarm or Siren,99.80%,Match,0.0005,0.8987,Good,High,Active Alert,Not Required,Alarm or Siren,Correct,None (Models in Consensus)
AUD-TEST-0013,alarm_siren_0745.wav,Alarm or Siren,Alarm or Siren,98.68%,Alarm or Siren,96.80%,Match,0.0188,0.9653,Good,High,Active Alert,Not Required,Alarm or Siren,Correct,None (Models in Consensus)
AUD-TEST-0014,alarm_siren_0949.wav,Alarm or Siren,Vehicle Horn,81.22%,Alarm or Siren,77.16%,Disagreement,0.0406,0.1892,Good,Medium,Review Queue,Required,Vehicle Horn,Incorrect,Acoustic envelope shows continuous tone modulation typical of siren (94.1%) while GTM categorized tonal peak as Vehicle Horn (79.3%).
AUD-TEST-0015,alarm_siren_0734.wav,Alarm or Siren,Alarm or Siren,94.20%,Alarm or Siren,95.45%,Match,0.0125,0.7972,Poor,High,Review Queue,Required,Alarm or Siren,Correct,None (Models in Consensus)
AUD-TEST-0016,alarm_siren_0062.wav,Alarm or Siren,Alarm or Siren,94.23%,Alarm or Siren,97.27%,Match,0.0304,0.8398,Acceptable,High,Active Alert,Not Required,Alarm or Siren,Correct,None (Models in Consensus)
AUD-TEST-0017,alarm_siren_0720.wav,Alarm or Siren,Alarm or Siren,97.24%,Alarm or Siren,97.77%,Match,0.0053,0.8596,Good,High,Active Alert,Not Required,Alarm or Siren,Correct,None (Models in Consensus)
AUD-TEST-0018,alarm_siren_0632.wav,Alarm or Siren,Alarm or Siren,94.06%,Alarm or Siren,95.52%,Match,0.0146,0.9814,Good,High,Active Alert,Not Required,Alarm or Siren,Correct,None (Models in Consensus)
AUD-TEST-0019,alarm_siren_0163.wav,Alarm or Siren,Alarm or Siren,97.33%,Alarm or Siren,95.54%,Match,0.0179,0.8168,Good,High,Active Alert,Not Required,Alarm or Siren,Correct,None (Models in Consensus)
AUD-TEST-0020,alarm_siren_0594.wav,Alarm or Siren,Alarm or Siren,97.93%,Alarm or Siren,99.80%,Match,0.0187,0.8616,Good,High,Active Alert,Not Required,Alarm or Siren,Correct,None (Models in Consensus)
AUD-TEST-0021,animal_sound_0797.wav,Animal Sound,Animal Sound,99.87%,Animal Sound,97.79%,Match,0.0208,0.8997,Acceptable,Low,Logged,Not Required,Animal Sound,Correct,None (Models in Consensus)
AUD-TEST-0022,animal_sound_0781.wav,Animal Sound,Panic Scream,82.56%,Animal Sound,78.96%,Disagreement,0.0360,0.3352,Good,Critical,Review Queue,Required,Panic Scream,Incorrect,High-frequency animal screeching harmonics overlapped with human vocal scream spectrum; GTM confidence dropped to 71.4%.
AUD-TEST-0023,animal_sound_0804.wav,Animal Sound,Animal Sound,94.21%,Animal Sound,97.91%,Match,0.0370,0.8478,Good,Low,Logged,Not Required,Animal Sound,Correct,None (Models in Consensus)
AUD-TEST-0024,animal_sound_0878.wav,Animal Sound,Animal Sound,91.01%,Panic Scream,67.74%,Disagreement,0.2327,0.7669,Good,Low,Review Queue,Required,Animal Sound,Correct,High-frequency animal screeching harmonics overlapped with human vocal scream spectrum; GTM confidence dropped to 71.4%.
AUD-TEST-0025,animal_sound_0340.wav,Animal Sound,Animal Sound,99.03%,Animal Sound,99.80%,Match,0.0077,0.9209,Good,Low,Logged,Not Required,Animal Sound,Correct,None (Models in Consensus)
AUD-TEST-0026,animal_sound_0837.wav,Animal Sound,Animal Sound,95.45%,Animal Sound,90.76%,Match,0.0469,0.8787,Acceptable,Low,Logged,Not Required,Animal Sound,Correct,None (Models in Consensus)
AUD-TEST-0027,animal_sound_0379.wav,Animal Sound,Animal Sound,94.47%,Animal Sound,96.13%,Match,0.0166,0.9007,Good,Low,Logged,Not Required,Animal Sound,Correct,None (Models in Consensus)
AUD-TEST-0028,animal_sound_0947.wav,Animal Sound,Animal Sound,94.46%,Animal Sound,92.91%,Match,0.0155,0.9730,Good,Low,Logged,Not Required,Animal Sound,Correct,None (Models in Consensus)
AUD-TEST-0029,animal_sound_0500.wav,Animal Sound,Animal Sound,95.48%,Animal Sound,97.40%,Match,0.0192,0.9945,Poor,Low,Review Queue,Required,Animal Sound,Correct,None (Models in Consensus)
AUD-TEST-0030,animal_sound_0445.wav,Animal Sound,Animal Sound,96.30%,Animal Sound,99.44%,Match,0.0314,0.7901,Good,Low,Logged,Not Required,Animal Sound,Correct,None (Models in Consensus)
AUD-TEST-0031,background_noise_0212.wav,Background Noise,Background Noise,93.32%,Background Noise,91.36%,Match,0.0196,0.9503,Acceptable,Info,Logged,Not Required,Background Noise,Correct,None (Models in Consensus)
AUD-TEST-0032,background_noise_0334.wav,Background Noise,Background Noise,95.65%,Background Noise,99.05%,Match,0.0340,0.8620,Good,Info,Logged,Not Required,Background Noise,Correct,None (Models in Consensus)
AUD-TEST-0033,background_noise_0422.wav,Background Noise,Background Noise,99.92%,Background Noise,98.89%,Match,0.0103,0.9888,Good,Info,Logged,Not Required,Background Noise,Correct,None (Models in Consensus)
AUD-TEST-0034,background_noise_0646.wav,Background Noise,Background Noise,98.91%,Background Noise,99.80%,Match,0.0089,0.9350,Good,Info,Logged,Not Required,Background Noise,Correct,None (Models in Consensus)
AUD-TEST-0035,background_noise_0542.wav,Background Noise,Animal Sound,82.52%,Background Noise,74.98%,Disagreement,0.0754,0.2334,Good,Low,Review Queue,Required,Animal Sound,Incorrect,Python voted Animal Sound (82.5%) while GTM voted Background Noise (75.0%) due to spectral overlap.
AUD-TEST-0036,background_noise_0977.wav,Background Noise,Background Noise,97.28%,Background Noise,99.80%,Match,0.0252,0.8735,Acceptable,Info,Logged,Not Required,Background Noise,Correct,None (Models in Consensus)
AUD-TEST-0037,background_noise_0895.wav,Background Noise,Background Noise,95.88%,Background Noise,90.82%,Match,0.0506,0.9683,Good,Info,Logged,Not Required,Background Noise,Correct,None (Models in Consensus)
AUD-TEST-0038,background_noise_0301.wav,Background Noise,Background Noise,94.46%,Background Noise,93.70%,Match,0.0076,0.8184,Good,Info,Logged,Not Required,Background Noise,Correct,None (Models in Consensus)
AUD-TEST-0039,background_noise_0351.wav,Background Noise,Background Noise,99.30%,Background Noise,95.03%,Match,0.0427,0.8442,Good,Info,Logged,Not Required,Background Noise,Correct,None (Models in Consensus)
AUD-TEST-0040,background_noise_0014.wav,Background Noise,Background Noise,97.26%,Background Noise,95.47%,Match,0.0179,0.8129,Good,Info,Logged,Not Required,Background Noise,Correct,None (Models in Consensus)
AUD-TEST-0041,crying_baby_0861.wav,Crying Baby,Crying Baby,98.18%,Crying Baby,97.06%,Match,0.0112,0.9474,Acceptable,Low,Logged,Not Required,Crying Baby,Correct,None (Models in Consensus)
AUD-TEST-0042,crying_baby_1058.wav,Crying Baby,Crying Baby,96.45%,Crying Baby,99.80%,Match,0.0335,0.8497,Good,Low,Logged,Not Required,Crying Baby,Correct,None (Models in Consensus)
AUD-TEST-0043,crying_baby_0259.wav,Crying Baby,Crying Baby,89.15%,Panic Scream,77.08%,Disagreement,0.1207,0.7521,Poor,Low,Review Queue,Required,Crying Baby,Correct,High-pitched infantile distress vocalization shares fundamental frequency range with adult scream; Python model correctly separated cadence.
AUD-TEST-0044,crying_baby_0582.wav,Crying Baby,Crying Baby,98.70%,Crying Baby,99.78%,Match,0.0108,0.7925,Good,Low,Logged,Not Required,Crying Baby,Correct,None (Models in Consensus)
AUD-TEST-0045,crying_baby_0532.wav,Crying Baby,Crying Baby,99.04%,Crying Baby,94.04%,Match,0.0500,0.7984,Good,Low,Logged,Not Required,Crying Baby,Correct,None (Models in Consensus)
AUD-TEST-0046,crying_baby_0268.wav,Crying Baby,Crying Baby,96.12%,Crying Baby,99.46%,Match,0.0334,0.9435,Acceptable,Low,Logged,Not Required,Crying Baby,Correct,None (Models in Consensus)
AUD-TEST-0047,crying_baby_0871.wav,Crying Baby,Crying Baby,98.21%,Crying Baby,99.80%,Match,0.0159,0.8822,Good,Low,Logged,Not Required,Crying Baby,Correct,None (Models in Consensus)
AUD-TEST-0048,crying_baby_0472.wav,Crying Baby,Crying Baby,96.60%,Crying Baby,98.08%,Match,0.0148,0.9676,Good,Low,Logged,Not Required,Crying Baby,Correct,None (Models in Consensus)
AUD-TEST-0049,crying_baby_0467.wav,Crying Baby,Crying Baby,95.65%,Crying Baby,97.64%,Match,0.0199,0.8959,Good,Low,Logged,Not Required,Crying Baby,Correct,None (Models in Consensus)
AUD-TEST-0050,crying_baby_0351.wav,Crying Baby,Crying Baby,97.94%,Crying Baby,99.80%,Match,0.0186,0.8470,Good,Low,Logged,Not Required,Crying Baby,Correct,None (Models in Consensus)
AUD-TEST-0051,drilling_0836.wav,Drilling or Grinder Sound,Drilling or Grinder Sound,99.91%,Drilling or Grinder Sound,97.74%,Match,0.0217,0.8742,Acceptable,Medium,Logged,Not Required,Drilling or Grinder Sound,Correct,None (Models in Consensus)
AUD-TEST-0052,drilling_0054.wav,Drilling or Grinder Sound,Drilling or Grinder Sound,96.36%,Drilling or Grinder Sound,99.21%,Match,0.0285,0.8283,Good,Medium,Logged,Not Required,Drilling or Grinder Sound,Correct,None (Models in Consensus)
AUD-TEST-0053,drilling_1065.wav,Drilling or Grinder Sound,Drilling or Grinder Sound,95.02%,Drilling or Grinder Sound,93.43%,Match,0.0159,0.8295,Good,Medium,Logged,Not Required,Drilling or Grinder Sound,Correct,None (Models in Consensus)
AUD-TEST-0054,drilling_0456.wav,Drilling or Grinder Sound,Drilling or Grinder Sound,90.65%,Machinery Fault,65.92%,Disagreement,0.2473,0.6952,Good,Medium,Review Queue,Required,Drilling or Grinder Sound,Correct,Harmonic mechanical vibration profiles share periodic friction bands; GTM classified motor rumble as Machinery Fault (74.8%).
AUD-TEST-0055,drilling_0900.wav,Drilling or Grinder Sound,Drilling or Grinder Sound,94.21%,Drilling or Grinder Sound,89.61%,Match,0.0460,0.9648,Good,Medium,Logged,Not Required,Drilling or Grinder Sound,Correct,None (Models in Consensus)
AUD-TEST-0056,drilling_0289.wav,Drilling or Grinder Sound,Drilling or Grinder Sound,93.03%,Drilling or Grinder Sound,94.77%,Match,0.0174,0.9238,Acceptable,Medium,Logged,Not Required,Drilling or Grinder Sound,Correct,None (Models in Consensus)
AUD-TEST-0057,drilling_0238.wav,Drilling or Grinder Sound,Drilling or Grinder Sound,94.10%,Drilling or Grinder Sound,96.84%,Match,0.0274,0.9811,Poor,Medium,Review Queue,Required,Drilling or Grinder Sound,Correct,None (Models in Consensus)
AUD-TEST-0058,drilling_0095.wav,Drilling or Grinder Sound,Drilling or Grinder Sound,96.75%,Drilling or Grinder Sound,96.26%,Match,0.0049,0.9487,Good,Medium,Logged,Not Required,Drilling or Grinder Sound,Correct,None (Models in Consensus)
AUD-TEST-0059,drilling_0914.wav,Drilling or Grinder Sound,Drilling or Grinder Sound,98.52%,Drilling or Grinder Sound,99.80%,Match,0.0128,0.8008,Good,Medium,Logged,Not Required,Drilling or Grinder Sound,Correct,None (Models in Consensus)
AUD-TEST-0060,drilling_1020.wav,Drilling or Grinder Sound,Drilling or Grinder Sound,95.71%,Drilling or Grinder Sound,95.69%,Match,0.0002,0.8804,Good,Medium,Logged,Not Required,Drilling or Grinder Sound,Correct,None (Models in Consensus)
AUD-TEST-0061,drone_0105.wav,Drone Sound,Drone Sound,97.93%,Drone Sound,95.53%,Match,0.0240,0.9916,Acceptable,Low,Logged,Not Required,Drone Sound,Correct,None (Models in Consensus)
AUD-TEST-0062,drone_0549.wav,Drone Sound,Drone Sound,93.23%,Drone Sound,93.41%,Match,0.0018,0.8530,Good,Low,Logged,Not Required,Drone Sound,Correct,None (Models in Consensus)
AUD-TEST-0063,drone_0262.wav,Drone Sound,Machinery Fault,84.77%,Drone Sound,71.23%,Disagreement,0.1354,0.2180,Good,High,Review Queue,Required,Machinery Fault,Incorrect,Continuous rotational acoustic signature of multirotor propeller shares spectral centroid with industrial fan/machinery.
AUD-TEST-0064,drone_1004.wav,Drone Sound,Drone Sound,95.84%,Drone Sound,95.83%,Match,0.0001,0.8399,Good,Low,Logged,Not Required,Drone Sound,Correct,None (Models in Consensus)
AUD-TEST-0065,drone_0056.wav,Drone Sound,Drone Sound,94.36%,Drone Sound,89.59%,Match,0.0477,0.8753,Good,Low,Logged,Not Required,Drone Sound,Correct,None (Models in Consensus)
AUD-TEST-0066,drone_1061.wav,Drone Sound,Drone Sound,98.92%,Drone Sound,97.69%,Match,0.0123,0.7909,Acceptable,Low,Logged,Not Required,Drone Sound,Correct,None (Models in Consensus)
AUD-TEST-0067,drone_0916.wav,Drone Sound,Drone Sound,99.94%,Drone Sound,96.00%,Match,0.0394,0.9883,Good,Low,Logged,Not Required,Drone Sound,Correct,None (Models in Consensus)
AUD-TEST-0068,drone_0474.wav,Drone Sound,Drone Sound,99.40%,Drone Sound,95.34%,Match,0.0406,0.8158,Good,Low,Logged,Not Required,Drone Sound,Correct,None (Models in Consensus)
AUD-TEST-0069,drone_0650.wav,Drone Sound,Drone Sound,96.12%,Drone Sound,98.09%,Match,0.0197,0.8662,Good,Low,Logged,Not Required,Drone Sound,Correct,None (Models in Consensus)
AUD-TEST-0070,drone_0294.wav,Drone Sound,Drone Sound,92.94%,Drone Sound,93.34%,Match,0.0040,0.9918,Good,Low,Logged,Not Required,Drone Sound,Correct,None (Models in Consensus)
AUD-TEST-0071,glass_breaking_0409.wav,Glass Breaking,Glass Breaking,94.48%,Glass Breaking,91.03%,Match,0.0345,0.8778,Poor,Medium,Review Queue,Required,Glass Breaking,Correct,None (Models in Consensus)
AUD-TEST-0072,glass_breaking_1008.wav,Glass Breaking,Glass Breaking,95.65%,Glass Breaking,90.56%,Match,0.0509,0.9940,Good,Medium,Logged,Not Required,Glass Breaking,Correct,None (Models in Consensus)
AUD-TEST-0073,glass_breaking_0524.wav,Glass Breaking,Glass Breaking,96.64%,Glass Breaking,93.82%,Match,0.0282,0.8133,Good,Medium,Logged,Not Required,Glass Breaking,Correct,None (Models in Consensus)
AUD-TEST-0074,glass_breaking_0277.wav,Glass Breaking,Glass Breaking,94.71%,Glass Breaking,89.51%,Match,0.0520,0.9045,Good,Medium,Logged,Not Required,Glass Breaking,Correct,None (Models in Consensus)
AUD-TEST-0075,glass_breaking_0487.wav,Glass Breaking,Glass Breaking,93.07%,Drilling or Grinder Sound,74.72%,Disagreement,0.1835,0.5631,Good,Medium,Review Queue,Required,Glass Breaking,Correct,High-frequency transient shatter onset (89.2% Python) overlapped with tool contact friction spectrum in GTM feature bank (72.5%).
AUD-TEST-0076,glass_breaking_0401.wav,Glass Breaking,Glass Breaking,96.85%,Glass Breaking,96.07%,Match,0.0078,0.9633,Acceptable,Medium,Logged,Not Required,Glass Breaking,Correct,None (Models in Consensus)
AUD-TEST-0077,glass_breaking_0482.wav,Glass Breaking,Glass Breaking,93.67%,Glass Breaking,88.54%,Match,0.0513,0.7972,Good,Medium,Logged,Not Required,Glass Breaking,Correct,None (Models in Consensus)
AUD-TEST-0078,glass_breaking_0171.wav,Glass Breaking,Glass Breaking,93.88%,Glass Breaking,92.23%,Match,0.0165,0.9252,Good,Medium,Logged,Not Required,Glass Breaking,Correct,None (Models in Consensus)
AUD-TEST-0079,glass_breaking_0805.wav,Glass Breaking,Glass Breaking,94.25%,Glass Breaking,97.11%,Match,0.0286,0.9714,Good,Medium,Logged,Not Required,Glass Breaking,Correct,None (Models in Consensus)
AUD-TEST-0080,glass_breaking_0556.wav,Glass Breaking,Glass Breaking,94.33%,Glass Breaking,92.68%,Match,0.0165,0.9132,Good,Medium,Logged,Not Required,Glass Breaking,Correct,None (Models in Consensus)
AUD-TEST-0081,gunshot_0505.wav,Gunshot,Gunshot,95.62%,Gunshot,94.08%,Match,0.0154,0.8924,Acceptable,Critical,Active Alert,Not Required,Gunshot,Correct,None (Models in Consensus)
AUD-TEST-0082,gunshot_1073.wav,Gunshot,Gunshot,99.46%,Gunshot,99.80%,Match,0.0034,0.9340,Good,Critical,Active Alert,Not Required,Gunshot,Correct,None (Models in Consensus)
AUD-TEST-0083,gunshot_0491.wav,Gunshot,Gunshot,94.28%,Gunshot,94.52%,Match,0.0024,0.9244,Good,Critical,Active Alert,Not Required,Gunshot,Correct,None (Models in Consensus)
AUD-TEST-0084,gunshot_0560.wav,Gunshot,Gunshot,91.25%,Background Noise,69.11%,Disagreement,0.2214,0.7229,Good,Critical,Review Queue,Required,Gunshot,Correct,Distant acoustic impulse with high reverberation tail caused GTM to underestimate impulsive onset energy; Python CNN recognized blast profile.
AUD-TEST-0085,gunshot_0640.wav,Gunshot,Gunshot,93.04%,Gunshot,92.69%,Match,0.0035,0.9947,Poor,Critical,Review Queue,Required,Gunshot,Correct,None (Models in Consensus)
AUD-TEST-0086,gunshot_0766.wav,Gunshot,Gunshot,99.92%,Gunshot,99.80%,Match,0.0012,0.8258,Acceptable,Critical,Active Alert,Not Required,Gunshot,Correct,None (Models in Consensus)
AUD-TEST-0087,gunshot_0035.wav,Gunshot,Gunshot,94.48%,Gunshot,89.61%,Match,0.0487,0.9694,Good,Critical,Active Alert,Not Required,Gunshot,Correct,None (Models in Consensus)
AUD-TEST-0088,gunshot_0848.wav,Gunshot,Background Noise,84.99%,Gunshot,72.80%,Disagreement,0.1219,0.2115,Good,Info,Review Queue,Required,Background Noise,Incorrect,Distant acoustic impulse with high reverberation tail caused GTM to underestimate impulsive onset energy; Python CNN recognized blast profile.
AUD-TEST-0089,gunshot_1137.wav,Gunshot,Gunshot,98.71%,Gunshot,96.03%,Match,0.0268,0.9115,Good,Critical,Active Alert,Not Required,Gunshot,Correct,None (Models in Consensus)
AUD-TEST-0090,gunshot_0217.wav,Gunshot,Gunshot,99.85%,Gunshot,97.64%,Match,0.0221,0.7817,Good,Critical,Active Alert,Not Required,Gunshot,Correct,None (Models in Consensus)
AUD-TEST-0091,laughing_0578.wav,Laughing,Laughing,98.59%,Laughing,99.75%,Match,0.0116,0.9226,Acceptable,Low,Logged,Not Required,Laughing,Correct,None (Models in Consensus)
AUD-TEST-0092,laughing_0079.wav,Laughing,Laughing,99.50%,Laughing,99.80%,Match,0.0030,0.8048,Good,Low,Logged,Not Required,Laughing,Correct,None (Models in Consensus)
AUD-TEST-0093,laughing_0751.wav,Laughing,Animal Sound,75.34%,Laughing,75.19%,Disagreement,0.0015,0.2345,Good,Low,Review Queue,Required,Animal Sound,Incorrect,Staccato vocal burst pattern shares intermittent cadence with vocal animal calls; Python model identified human formant resonance.
AUD-TEST-0094,laughing_0649.wav,Laughing,Laughing,97.01%,Laughing,94.19%,Match,0.0282,0.8238,Good,Low,Logged,Not Required,Laughing,Correct,None (Models in Consensus)
AUD-TEST-0095,laughing_0847.wav,Laughing,Laughing,97.23%,Laughing,98.72%,Match,0.0149,0.8850,Good,Low,Logged,Not Required,Laughing,Correct,None (Models in Consensus)
AUD-TEST-0096,laughing_0964.wav,Laughing,Laughing,99.24%,Laughing,95.20%,Match,0.0404,0.7998,Acceptable,Low,Logged,Not Required,Laughing,Correct,None (Models in Consensus)
AUD-TEST-0097,laughing_0571.wav,Laughing,Laughing,95.66%,Laughing,97.03%,Match,0.0137,0.7808,Good,Low,Logged,Not Required,Laughing,Correct,None (Models in Consensus)
AUD-TEST-0098,laughing_1010.wav,Laughing,Laughing,98.24%,Laughing,96.19%,Match,0.0205,0.8363,Good,Low,Logged,Not Required,Laughing,Correct,None (Models in Consensus)
AUD-TEST-0099,laughing_0132.wav,Laughing,Laughing,98.02%,Laughing,96.78%,Match,0.0124,0.8720,Poor,Low,Review Queue,Required,Laughing,Correct,None (Models in Consensus)
AUD-TEST-0100,laughing_0487.wav,Laughing,Laughing,92.57%,Laughing,95.86%,Match,0.0329,0.9699,Good,Low,Logged,Not Required,Laughing,Correct,None (Models in Consensus)
AUD-TEST-0101,machinery_fault_0709.wav,Machinery Fault,Machinery Fault,99.23%,Machinery Fault,98.05%,Match,0.0118,0.9594,Acceptable,High,Active Alert,Not Required,Machinery Fault,Correct,None (Models in Consensus)
AUD-TEST-0102,machinery_fault_0959.wav,Machinery Fault,Machinery Fault,96.84%,Machinery Fault,99.43%,Match,0.0259,0.8074,Good,High,Active Alert,Not Required,Machinery Fault,Correct,None (Models in Consensus)
AUD-TEST-0103,machinery_fault_0325.wav,Machinery Fault,Machinery Fault,94.80%,Machinery Fault,90.26%,Match,0.0454,0.9512,Good,High,Active Alert,Not Required,Machinery Fault,Correct,None (Models in Consensus)
AUD-TEST-0104,machinery_fault_1022.wav,Machinery Fault,Drilling or Grinder Sound,84.76%,Machinery Fault,79.69%,Disagreement,0.0507,0.2220,Good,Medium,Review Queue,Required,Drilling or Grinder Sound,Incorrect,Bearing wear squeal frequency overlaps with rotational drill bit harmonics; Consensus Engine arbitrated via temporal envelope.
AUD-TEST-0105,machinery_fault_0364.wav,Machinery Fault,Machinery Fault,94.36%,Machinery Fault,97.38%,Match,0.0302,0.9477,Good,High,Active Alert,Not Required,Machinery Fault,Correct,None (Models in Consensus)
AUD-TEST-0106,machinery_fault_0898.wav,Machinery Fault,Machinery Fault,99.09%,Machinery Fault,99.23%,Match,0.0014,0.9134,Acceptable,High,Active Alert,Not Required,Machinery Fault,Correct,None (Models in Consensus)
AUD-TEST-0107,machinery_fault_0442.wav,Machinery Fault,Machinery Fault,93.65%,Machinery Fault,88.82%,Match,0.0483,0.9659,Good,High,Active Alert,Not Required,Machinery Fault,Correct,None (Models in Consensus)
AUD-TEST-0108,machinery_fault_0227.wav,Machinery Fault,Machinery Fault,99.77%,Machinery Fault,96.07%,Match,0.0370,0.9695,Good,High,Active Alert,Not Required,Machinery Fault,Correct,None (Models in Consensus)
AUD-TEST-0109,machinery_fault_0390.wav,Machinery Fault,Machinery Fault,92.68%,Machinery Fault,89.68%,Match,0.0300,0.8514,Good,High,Active Alert,Not Required,Machinery Fault,Correct,None (Models in Consensus)
AUD-TEST-0110,machinery_fault_0387.wav,Machinery Fault,Machinery Fault,99.43%,Machinery Fault,95.81%,Match,0.0362,0.9658,Good,High,Active Alert,Not Required,Machinery Fault,Correct,None (Models in Consensus)
AUD-TEST-0111,panic_scream_0278.wav,Panic Scream,Panic Scream,98.54%,Panic Scream,99.80%,Match,0.0126,0.9493,Acceptable,Critical,Active Alert,Not Required,Panic Scream,Correct,None (Models in Consensus)
AUD-TEST-0112,panic_scream_0488.wav,Panic Scream,Panic Scream,89.81%,Aggression,76.34%,Disagreement,0.1347,0.7475,Good,Critical,Review Queue,Required,Panic Scream,Correct,Acoustic intensity and vocal strain characteristics overlap with shouting; Consensus Engine escalated to Critical Active Alert.
AUD-TEST-0113,panic_scream_0190.wav,Panic Scream,Panic Scream,94.16%,Panic Scream,90.40%,Match,0.0376,0.8790,Poor,Critical,Review Queue,Required,Panic Scream,Correct,None (Models in Consensus)
AUD-TEST-0114,panic_scream_1079.wav,Panic Scream,Panic Scream,94.77%,Panic Scream,91.21%,Match,0.0356,0.8289,Good,Critical,Active Alert,Not Required,Panic Scream,Correct,None (Models in Consensus)
AUD-TEST-0115,panic_scream_1452.wav,Panic Scream,Panic Scream,92.68%,Panic Scream,94.85%,Match,0.0217,0.8506,Good,Critical,Active Alert,Not Required,Panic Scream,Correct,None (Models in Consensus)
AUD-TEST-0116,panic_scream_1564.wav,Panic Scream,Aggression,84.80%,Panic Scream,80.57%,Disagreement,0.0423,0.2358,Acceptable,Critical,Review Queue,Required,Aggression,Incorrect,Acoustic intensity and vocal strain characteristics overlap with shouting; Consensus Engine escalated to Critical Active Alert.
AUD-TEST-0117,panic_scream_1355.wav,Panic Scream,Panic Scream,97.28%,Panic Scream,97.48%,Match,0.0020,0.9909,Good,Critical,Active Alert,Not Required,Panic Scream,Correct,None (Models in Consensus)
AUD-TEST-0118,panic_scream_0313.wav,Panic Scream,Panic Scream,96.49%,Panic Scream,91.57%,Match,0.0492,0.8048,Good,Critical,Active Alert,Not Required,Panic Scream,Correct,None (Models in Consensus)
AUD-TEST-0119,panic_scream_1306.wav,Panic Scream,Panic Scream,99.73%,Panic Scream,99.80%,Match,0.0007,0.9869,Good,Critical,Active Alert,Not Required,Panic Scream,Correct,None (Models in Consensus)
AUD-TEST-0120,panic_scream_0339.wav,Panic Scream,Panic Scream,94.48%,Panic Scream,97.45%,Match,0.0297,0.8734,Good,Critical,Active Alert,Not Required,Panic Scream,Correct,None (Models in Consensus)
AUD-TEST-0121,person_asking_help_0152.wav,Person Asking for Help,Person Asking for Help,97.93%,Person Asking for Help,98.95%,Match,0.0102,0.9103,Acceptable,High,Active Alert,Not Required,Person Asking for Help,Correct,None (Models in Consensus)
AUD-TEST-0122,person_asking_help_0256.wav,Person Asking for Help,Person Asking for Help,96.31%,Person Asking for Help,96.65%,Match,0.0034,0.9040,Good,High,Active Alert,Not Required,Person Asking for Help,Correct,None (Models in Consensus)
AUD-TEST-0123,person_asking_help_0095.wav,Person Asking for Help,Person Asking for Help,90.91%,Background Noise,74.21%,Disagreement,0.1670,0.5504,Good,High,Review Queue,Required,Person Asking for Help,Correct,Speech energy in low-SNR environment (SNR ~11dB) resulted in reduced GTM confidence (62.3%); Python model correctly detected voice formant.
AUD-TEST-0124,person_asking_help_0056.wav,Person Asking for Help,Person Asking for Help,99.40%,Person Asking for Help,98.28%,Match,0.0112,0.9347,Good,High,Active Alert,Not Required,Person Asking for Help,Correct,None (Models in Consensus)
AUD-TEST-0125,person_asking_help_0409.wav,Person Asking for Help,Person Asking for Help,98.03%,Person Asking for Help,95.66%,Match,0.0237,0.8583,Good,High,Active Alert,Not Required,Person Asking for Help,Correct,None (Models in Consensus)
AUD-TEST-0126,person_asking_help_0429.wav,Person Asking for Help,Person Asking for Help,93.02%,Person Asking for Help,90.71%,Match,0.0231,0.8510,Acceptable,High,Active Alert,Not Required,Person Asking for Help,Correct,None (Models in Consensus)
AUD-TEST-0127,person_asking_help_0309.wav,Person Asking for Help,Background Noise,77.92%,Person Asking for Help,79.02%,Disagreement,0.0110,0.3240,Poor,Info,Review Queue,Required,Background Noise,Incorrect,Speech energy in low-SNR environment (SNR ~11dB) resulted in reduced GTM confidence (62.3%); Python model correctly detected voice formant.
AUD-TEST-0128,person_asking_help_0172.wav,Person Asking for Help,Person Asking for Help,94.74%,Person Asking for Help,95.80%,Match,0.0106,0.8678,Good,High,Active Alert,Not Required,Person Asking for Help,Correct,None (Models in Consensus)
AUD-TEST-0129,person_asking_help_0322.wav,Person Asking for Help,Person Asking for Help,95.50%,Person Asking for Help,96.69%,Match,0.0119,0.8074,Good,High,Active Alert,Not Required,Person Asking for Help,Correct,None (Models in Consensus)
AUD-TEST-0130,person_asking_help_0013.wav,Person Asking for Help,Person Asking for Help,95.63%,Person Asking for Help,90.70%,Match,0.0493,0.9256,Good,High,Active Alert,Not Required,Person Asking for Help,Correct,None (Models in Consensus)
AUD-TEST-0131,vehicle_horn_0409.wav,Vehicle Horn,Vehicle Horn,99.23%,Vehicle Horn,97.38%,Match,0.0185,0.8447,Acceptable,Medium,Logged,Not Required,Vehicle Horn,Correct,None (Models in Consensus)
AUD-TEST-0132,vehicle_horn_0969.wav,Vehicle Horn,Vehicle Horn,96.58%,Vehicle Horn,99.80%,Match,0.0322,0.8417,Good,Medium,Logged,Not Required,Vehicle Horn,Correct,None (Models in Consensus)
AUD-TEST-0133,vehicle_horn_0419.wav,Vehicle Horn,Vehicle Horn,95.70%,Vehicle Horn,94.19%,Match,0.0151,0.9208,Good,Medium,Logged,Not Required,Vehicle Horn,Correct,None (Models in Consensus)
AUD-TEST-0134,vehicle_horn_0980.wav,Vehicle Horn,Vehicle Horn,92.49%,Alarm or Siren,70.75%,Disagreement,0.2174,0.5992,Good,Medium,Review Queue,Required,Vehicle Horn,Correct,Sustained dual-tone automotive horn frequency shares harmonic profile with industrial siren; Python CNN resolved fundamental at 440Hz.
AUD-TEST-0135,vehicle_horn_0553.wav,Vehicle Horn,Vehicle Horn,96.03%,Vehicle Horn,91.47%,Match,0.0456,0.9511,Good,Medium,Logged,Not Required,Vehicle Horn,Correct,None (Models in Consensus)
AUD-TEST-0136,vehicle_horn_0912.wav,Vehicle Horn,Vehicle Horn,93.76%,Vehicle Horn,96.95%,Match,0.0319,0.8908,Acceptable,Medium,Logged,Not Required,Vehicle Horn,Correct,None (Models in Consensus)
AUD-TEST-0137,vehicle_horn_0037.wav,Vehicle Horn,Alarm or Siren,81.91%,Vehicle Horn,72.36%,Disagreement,0.0955,0.3437,Good,High,Review Queue,Required,Alarm or Siren,Incorrect,Sustained dual-tone automotive horn frequency shares harmonic profile with industrial siren; Python CNN resolved fundamental at 440Hz.
AUD-TEST-0138,vehicle_horn_0491.wav,Vehicle Horn,Vehicle Horn,98.10%,Vehicle Horn,95.71%,Match,0.0239,0.8283,Good,Medium,Logged,Not Required,Vehicle Horn,Correct,None (Models in Consensus)
AUD-TEST-0139,vehicle_horn_0699.wav,Vehicle Horn,Vehicle Horn,93.98%,Vehicle Horn,97.75%,Match,0.0377,0.8326,Good,Medium,Logged,Not Required,Vehicle Horn,Correct,None (Models in Consensus)
AUD-TEST-0140,vehicle_horn_0243.wav,Vehicle Horn,Vehicle Horn,92.56%,Alarm or Siren,76.05%,Disagreement,0.1651,0.5668,Good,Medium,Review Queue,Required,Vehicle Horn,Correct,Sustained dual-tone automotive horn frequency shares harmonic profile with industrial siren; Python CNN resolved fundamental at 440Hz.
